"ISO_Alpha_3","Names1","Names2","Names1_percent","Names2_percent"
"ABW",4,2,8.52642124784175e-05,1.8501901070335e-05
"AFG",32,20,0.00068211369982734,0.00018501901070335
"AGO",29,18,0.000618165540468527,0.000166517109633015
"AIA",44,12,0.000937906337262592,0.00011101140642201
"ALA",NA,NA,NA,NA
"ALB",37,23,0.000788693965425362,0.000212771862308852
"AND",7,18,0.000149212371837231,0.000166517109633015
"ARE",19,7,0.000405005009272483,6.47566537461724e-05
"ARG",474,837,0.0101038091786925,0.00774304559793519
"ARM",20,15,0.000426321062392087,0.000138764258027512
"ASM",12,2,0.000255792637435252,1.8501901070335e-05
"ATA",160,27,0.0034105684991367,0.000249775664449522
"ATF",NA,NA,NA,NA
"ATG",NA,NA,NA,NA
"AUS",2348,5269,0.0500500927248311,0.0487432583697975
"AUT",196,1038,0.00417794641144246,0.00960248665550385
"AZE",11,8,0.000234476584315648,7.40076042813399e-05
"BDI",12,9,0.000255792637435252,8.32585548165074e-05
"BEL",177,1344,0.00377294140216997,0.0124332775192651
"BEN",103,129,0.00219555347131925,0.00119337261903661
"BES",NA,NA,NA,NA
"BFA",96,81,0.00204634109948202,0.000749326993348567
"BGD",292,265,0.00622428751092448,0.00245150189181938
"BGR",70,126,0.00149212371837231,0.0011656197674311
"BHR",6,5,0.000127896318717626,4.62547526758374e-05
"BHS",34,24,0.000724745806066549,0.00022202281284402
"BIH",16,7,0.00034105684991367,6.47566537461724e-05
"BLM",NA,NA,NA,NA
"BLR",12,14,0.000255792637435252,0.000129513307492345
"BLZ",54,33,0.00115106686845864,0.000305281367660527
"BMU",16,9,0.00034105684991367,8.32585548165074e-05
"BOL",145,134,0.00309082770234263,0.00123962737171244
"BRA",2430,3328,0.0517980090806386,0.0307871633810374
"BRB",17,21,0.000362372903033274,0.000194269961238517
"BRN",6,33,0.000127896318717626,0.000305281367660527
"BTN",43,43,0.000916590284142988,0.000397790873012202
"BVT",2,NA,4.26321062392087e-05,NA
"BWA",58,73,0.00123633108093705,0.000675319389067227
"CAF",16,6,0.00034105684991367,5.55057032110049e-05
"CAN",1100,4154,0.0234476584315648,0.0384284485230857
"CCK",4,NA,8.52642124784175e-05,NA
"CHE",289,2236,0.00616033935156566,0.0206851253966345
"CHL",423,661,0.00901669046959265,0.00611487830374571
"CHN",3774,5823,0.0804467844733869,0.0538682849662803
"CIV",NA,NA,NA,NA
"CMR",190,180,0.00405005009272483,0.00166517109633015
"COD",NA,NA,NA,NA
"COG",163,105,0.00347451665849551,0.000971349806192586
"COK",8,3,0.000170528424956835,2.77528516055025e-05
"COL",294,519,0.00626691961716369,0.00480124332775193
"COM",10,7,0.000213160531196044,6.47566537461724e-05
"CPV",24,13,0.000511585274870505,0.000120262356957177
"CRI",343,253,0.0073114062200243,0.00234049048539737
"CUB",340,98,0.00724745806066549,0.000906593152446414
"CUW",NA,NA,NA,NA
"CXR",7,4,0.000149212371837231,3.700380214067e-05
"CYM",2,5,4.26321062392087e-05,4.62547526758374e-05
"CYP",38,64,0.000810010018544966,0.000592060834250719
"CZE",197,968,0.00419926246456206,0.00895492011804213
"DEU",870,5721,0.0185449662140558,0.0529246880116932
"DJI",4,1,8.52642124784175e-05,9.25095053516749e-06
"DMA",19,16,0.000405005009272483,0.00014801520856268
"DNK",159,1335,0.0033892524460171,0.0123500189644486
"DOM",9,2,0.000191844478076439,1.8501901070335e-05
"DZA",60,61,0.00127896318717626,0.000564307982645217
"ECU",283,349,0.00603244303284804,0.00322858173677345
"EGY",144,142,0.00306951164922303,0.00131363497599378
"ERI",7,5,0.000149212371837231,4.62547526758374e-05
"ESH",3,NA,6.39481593588131e-05,NA
"ESP",1164,3592,0.0248118858312195,0.0332294143223216
"EST",137,363,0.0029202992773858,0.0033580950442658
"ETH",419,386,0.00893142625711423,0.00357086690657465
"FIN",442,1462,0.00942169547886513,0.0135248896824149
"FJI",71,79,0.00151343977149191,0.000730825092278232
"FLK",NA,NA,NA,NA
"FRA",591,4159,0.0125977873936862,0.0384747032757616
"FRO",5,5,0.000106580265598022,4.62547526758374e-05
"FSM",NA,NA,NA,NA
"GAB",51,49,0.00108711870909982,0.000453296576223207
"GBR",1215,7294,0.0258990045403193,0.0674764332035117
"GEO",136,540,0.00289898322426619,0.00499551328899044
"GGY",NA,NA,NA,NA
"GHA",261,254,0.00556348986421674,0.00234974143593254
"GIB",19,4,0.000405005009272483,3.700380214067e-05
"GIN",229,97,0.0048813761643894,0.000897342201911246
"GLP",13,27,0.000277108690554857,0.000249775664449522
"GMB",40,8,0.000852642124784175,7.40076042813399e-05
"GNB",NA,NA,NA,NA
"GNQ",18,7,0.000383688956152879,6.47566537461724e-05
"GRC",309,643,0.00658666041395775,0.00594836119411269
"GRD",4,8,8.52642124784175e-05,7.40076042813399e-05
"GRL",67,50,0.00142817555901349,0.000462547526758374
"GTM",45,33,0.000959222390382197,0.000305281367660527
"GUF",74,61,0.00157738793085072,0.000564307982645217
"GUM",20,37,0.000426321062392087,0.000342285169801197
"GUY",24,25,0.000511585274870505,0.000231273763379187
"HKG",132,343,0.00281371901178778,0.00317307603356245
"HMD",NA,NA,NA,NA
"HND",35,22,0.000746061859186153,0.000203520911773685
"HRV",85,170,0.00181186451516637,0.00157266159097847
"HTI",9,5,0.000191844478076439,4.62547526758374e-05
"HUN",162,446,0.00345320060537591,0.0041259239386847
"IDN",474,571,0.0101038091786925,0.00528229275558064
"IMN",6,3,0.000127896318717626,2.77528516055025e-05
"IND",1783,2061,0.0380065227122546,0.0190662090529802
"IOT",1,2,2.13160531196044e-05,1.8501901070335e-05
"IRL",332,600,0.00707692963570865,0.00555057032110049
"IRN",409,1053,0.00871826572591819,0.00974125091353137
"IRQ",34,19,0.000724745806066549,0.000175768060168182
"ISL",46,100,0.000980538443501801,0.000925095053516749
"ISR",178,518,0.00379425745528958,0.00479199237721676
"ITA",884,2847,0.0188433909577303,0.0263374561736218
"JAM",27,33,0.000575533434229318,0.000305281367660527
"JEY",67,60,0.00142817555901349,0.000555057032110049
"JOR",61,395,0.00130027924029587,0.00365412546139116
"JPN",738,1617,0.015731247202268,0.0149587870153658
"KAZ",25,27,0.000532901327990109,0.000249775664449522
"KEN",509,657,0.0108498710378786,0.00607787450160504
"KGZ",16,19,0.00034105684991367,0.000175768060168182
"KHM",101,91,0.00215292136508004,0.000841836498700241
"KIR",6,4,0.000127896318717626,3.700380214067e-05
"KNA",NA,NA,NA,NA
"KOR",149,543,0.00317609191482105,0.00502326614059595
"KWT",18,26,0.000383688956152879,0.000240524713914355
"LAO",9,2,0.000191844478076439,1.8501901070335e-05
"LBN",28,50,0.000596849487348922,0.000462547526758374
"LBR",18,10,0.000383688956152879,9.25095053516749e-05
"LBY",NA,NA,NA,NA
"LCA",3,1,6.39481593588131e-05,9.25095053516749e-06
"LIE",NA,15,NA,0.000138764258027512
"LKA",110,116,0.00234476584315648,0.00107311026207943
"LSO",9,5,0.000191844478076439,4.62547526758374e-05
"LTU",54,133,0.00115106686845864,0.00123037642117728
"LUX",14,72,0.000298424743674461,0.000666068438532059
"LVA",31,63,0.000660797646707736,0.000582809883715552
"MAC",5,40,0.000106580265598022,0.0003700380214067
"MAF",NA,NA,NA,NA
"MAR",82,95,0.00174791635580756,0.000878840300840911
"MCO",1,42,2.13160531196044e-05,0.000388539922477035
"MDA",NA,NA,NA,NA
"MDG",267,165,0.00569138618293437,0.00152640683830264
"MDV",16,7,0.00034105684991367,6.47566537461724e-05
"MEX",1248,1644,0.0266024342932663,0.0152085626798154
"MHL",4,NA,8.52642124784175e-05,NA
"MKD",NA,NA,NA,NA
"MLI",1234,402,0.0263040095495918,0.00371888211513733
"MLT",17,35,0.000362372903033274,0.000323783268730862
"MMR",71,58,0.00151343977149191,0.000536555131039714
"MNE",19,39,0.000405005009272483,0.000360787070871532
"MNG",302,180,0.00643744804212052,0.00166517109633015
"MNP",2,2,4.26321062392087e-05,1.8501901070335e-05
"MOZ",91,56,0.001939760833884,0.000518053229969379
"MRT",15,13,0.000319740796794066,0.000120262356957177
"MSR",3,68,6.39481593588131e-05,0.000629064636391389
"MTQ",9,17,0.000191844478076439,0.000157266159097847
"MUS",26,36,0.000554217381109714,0.00033303421926603
"MWI",103,84,0.00219555347131925,0.000777079844954069
"MYS",357,576,0.00760983096369876,0.00532854750825647
"MYT",12,11,0.000255792637435252,0.000101760455886842
"NAM",65,64,0.00138554345277428,0.000592060834250719
"NCL",76,105,0.00162002003708993,0.000971349806192586
"NER",259,242,0.00552085775797753,0.00223873002951053
"NFK",NA,NA,NA,NA
"NGA",177,203,0.00377294140216997,0.001877942958639
"NIC",51,37,0.00108711870909982,0.000342285169801197
"NIU",4,NA,8.52642124784175e-05,NA
"NLD",319,2605,0.0067998209451538,0.0240987261441113
"NOR",578,1154,0.0123206787031313,0.0106755969175833
"NPL",338,262,0.00720482595442628,0.00242374904021388
"NRU",1,1,2.13160531196044e-05,9.25095053516749e-06
"NZL",629,1083,0.0134077974122312,0.0100187794295864
"OMN",540,872,0.0115106686845864,0.00806682886666605
"PAK",290,379,0.00618165540468527,0.00350611025282848
"PAN",170,296,0.00362372903033274,0.00273828135840958
"PCN",9,4,0.000191844478076439,3.700380214067e-05
"PER",416,385,0.00886747809775542,0.00356161595603948
"PHL",296,311,0.00630955172340289,0.00287704561643709
"PLW",13,18,0.000277108690554857,0.000166517109633015
"PNG",74,38,0.00157738793085072,0.000351536120336365
"POL",519,1187,0.0110630315690747,0.0109808782852438
"PRI",104,119,0.00221686952443885,0.00110086311368493
"PRK",8,1,0.000170528424956835,9.25095053516749e-06
"PRT",369,1290,0.00786562360113401,0.0119337261903661
"PRY",58,19,0.00123633108093705,0.000175768060168182
"PSE",NA,NA,NA,NA
"PYF",42,14,0.000895274231023384,0.000129513307492345
"QAT",16,33,0.00034105684991367,0.000305281367660527
"REU",NA,NA,NA,NA
"ROU",184,297,0.0039221537740072,0.00274753230894474
"RUS",200,542,0.00426321062392087,0.00501401519006078
"RWA",44,35,0.000937906337262592,0.000323783268730862
"SAU",49,172,0.00104448660286061,0.00159116349204881
"SDN",91,48,0.001939760833884,0.000444045625688039
"SEN",100,65,0.00213160531196044,0.000601311784785887
"SGP",100,358,0.00213160531196044,0.00331184029158996
"SGS",NA,2,NA,1.8501901070335e-05
"SHN",NA,NA,NA,NA
"SJM",1,NA,2.13160531196044e-05,NA
"SLB",36,31,0.000767377912305757,0.000286779466590192
"SLE",26,18,0.000554217381109714,0.000166517109633015
"SLV",15,11,0.000319740796794066,0.000101760455886842
"SMR",NA,5,NA,4.62547526758374e-05
"SOM",10,2,0.000213160531196044,1.8501901070335e-05
"SPM",NA,NA,NA,NA
"SRB",82,170,0.00174791635580756,0.00157266159097847
"SSD",NA,NA,NA,NA
"STP",8,3,0.000170528424956835,2.77528516055025e-05
"SUR",27,13,0.000575533434229318,0.000120262356957177
"SVK",104,226,0.00221686952443885,0.00209071482094785
"SVN",84,210,0.00179054846204677,0.00194269961238517
"SWE",591,2122,0.0125977873936862,0.0196305170356254
"SWZ",27,30,0.000575533434229318,0.000277528516055025
"SXM",NA,NA,NA,NA
"SYC",31,23,0.000660797646707736,0.000212771862308852
"SYR",NA,NA,NA,NA
"TCA",3,NA,6.39481593588131e-05,NA
"TCD",22,377,0.000468953168631296,0.00348760835175814
"TGO",37,25,0.000788693965425362,0.000231273763379187
"THA",287,363,0.00611770724532646,0.0033580950442658
"TJK",13,4,0.000277108690554857,3.700380214067e-05
"TKL",NA,NA,NA,NA
"TKM",2,NA,4.26321062392087e-05,NA
"TLS",NA,NA,NA,NA
"TON",23,33,0.000490269221750901,0.000305281367660527
"TTO",6,4,0.000127896318717626,3.700380214067e-05
"TUN",82,111,0.00174791635580756,0.00102685550940359
"TUR",402,576,0.00856905335408096,0.00532854750825647
"TUV",1,1,2.13160531196044e-05,9.25095053516749e-06
"TWN",NA,NA,NA,NA
"TZA",266,462,0.00567007012981476,0.00427393914724738
"UGA",220,210,0.00468953168631296,0.00194269961238517
"UKR",55,93,0.00117238292157824,0.000860338399770576
"UMI",NA,NA,NA,NA
"URY",84,128,0.00179054846204677,0.00118412166850144
"USA",4920,17091,0.104874981348454,0.158107995596548
"UZB",8,8,0.000170528424956835,7.40076042813399e-05
"VAT",NA,NA,NA,NA
"VCT",1,NA,2.13160531196044e-05,NA
"VEN",60,94,0.00127896318717626,0.000869589350305744
"VGB",NA,NA,NA,NA
"VIR",NA,NA,NA,NA
"VNM",327,311,0.00697034937011063,0.00287704561643709
"VUT",14,10,0.000298424743674461,9.25095053516749e-05
"WLF",1,NA,2.13160531196044e-05,NA
"WSM",25,19,0.000532901327990109,0.000175768060168182
"XAD",NA,NA,NA,NA
"XCA",NA,NA,NA,NA
"XCL",NA,NA,NA,NA
"XKO",NA,NA,NA,NA
"XNC",NA,NA,NA,NA
"XPI",NA,NA,NA,NA
"XSP",NA,NA,NA,NA
"YEM",17,17,0.000362372903033274,0.000157266159097847
"ZAF",1070,1708,0.0228081768379767,0.0158006235140661
"ZMB",60,68,0.00127896318717626,0.000629064636391389
"ZWE",113,122,0.00240871400251529,0.00112861596529043
