"ISO_Alpha_3","Names1","Names1_log","Names2","Names2_log","hdi_2018","Learning_outcomes_2015","GDP_2019","CPI_2020","Pop_2018"
"USA",4920,8.50106380948635,17091,9.74630728814851,"0.926",529.09,21433226,67,327096.265
"CHN",3774,8.2358907259285,5823,8.66957087183712,"0.761",554.72,14342933.96,42,1427647.786
"BRA",2430,7.79564653633459,3328,8.1101268019411,"0.765",408.76,1847795.847,38,209469.323
"AUS",2348,7.76131918094799,5269,8.56959587020929,"0.944",509.22,1380207.833,77,24898.152
"IND",1783,7.48605261786314,2061,7.63094658089046,"0.645",NA,2891582.351,40,1352642.28
"MEX",1248,7.12929754892937,1644,7.40488757561612,"0.779",443.36,1256440.91,31,126190.788
"MLI",1234,7.11801620446533,402,5.99645208861902,"0.434",NA,17432.62928,30,19077.749
"GBR",1215,7.10249935577465,7294,8.89480737136862,"0.932",515.8,2826441.791,77,67141.684
"ESP",1164,7.05961762829138,3592,8.18646442942209,"0.904",504.83,1393490.525,62,46692.858
"CAN",1100,7.00306545878646,4154,8.33182700443606,"0.929",519.69,1741496.79,77,37074.562
"ZAF",1070,6.97541392745595,1708,7.44307837434852,"0.709",374.06,351430.9912,44,57792.518
"ITA",884,6.78445706263764,2847,7.95402108727804,"0.892",500.75,2003576.145,53,60627.291
"DEU",870,6.76849321164863,5721,8.65189889426853,"0.947",524.26,3861123.558,80,83124.418
"JPN",738,6.60394382460047,1617,7.38832785957711,"0.919",590.89,5082465.811,74,127202.192
"NZL",629,6.44413125670044,1083,6.98749024700099,"0.931",492.69,206768.6733,88,4743.131
"FRA",591,6.3818160174061,4159,8.33302993974291,"0.901",499.18,2715518.274,69,64990.511
"SWE",591,6.3818160174061,2122,7.66011431917393,"0.945",509.15,530883.869,85,9971.638
"NOR",578,6.35957386867238,1154,7.05098944706805,"0.957",530.48,403336.3636,84,5337.962
"OMN",540,6.29156913955832,872,6.77078942390898,"0.813",414.85,76331.51867,54,4829.473
"POL",519,6.25190388316589,1187,7.07918439460967,"0.88",528.84,595862.0869,56,37921.592
"KEN",509,6.23244801655052,657,6.48768401848461,"0.601",NA,95501.87298,31,51392.565
"ARG",474,6.16120732169508,837,6.72982407048948,"0.845",429.38,449663.5248,42,44361.15
"IDN",474,6.16120732169508,571,6.34738920965601,"0.718",396.71,1119190.784,37,267670.543
"FIN",442,6.0913098820777,1462,7.28756064030972,"0.938",531.13,269296.3102,85,5522.576
"CHL",423,6.04737217904628,661,6.49375383985169,"0.851",455.97,282318.1597,67,18729.16
"ETH",419,6.03787091992214,386,5.95583736946483,"0.485",NA,92750.11782,38,109224.414
"PER",416,6.03068526026126,385,5.95324333428778,"0.777",419.49,226850.3928,38,31989.26
"IRN",409,6.0137151560428,1053,6.95939851213398,"0.783",433.92,603779.5565,25,81800.188
"TUR",402,5.99645208861902,576,6.35610766069589,"0.82",470.39,761425.5922,40,82340.088
"PRT",369,5.91079664404053,1290,7.16239749735572,"0.864",525.21,238785.085,61,10256.193
"MYS",357,5.87773578177964,576,6.35610766069589,"0.81",474.05,364684.1369,51,31528.033
"CRI",343,5.83773044716594,253,5.53338948872752,"0.81",422.54,61773.94463,57,4999.441
"CUB",340,5.82894561761021,98,4.58496747867057,"0.783",NA,105354.9432,47,11338.134
"NPL",338,5.82304589548302,262,5.5683445037611,"0.602",NA,30714.93474,33,28095.714
"IRL",332,5.80513496891649,600,6.39692965521615,"0.955",535.42,398590.1866,72,4818.69
"VNM",327,5.78996017089725,311,5.73979291217923,"0.704",520.04,261921.2292,36,95545.962
"NLD",319,5.76519110278484,2605,7.86518795418747,"0.944",530.27,907050.8631,82,17059.56
"GRC",309,5.73334127689775,643,6.46614472423762,"0.888",477.87,205326.7346,50,10522.246
"MNG",302,5.71042701737487,180,5.19295685089021,"0.737",NA,13852.85027,35,3170.216
"PHL",296,5.69035945432406,311,5.73979291217923,"0.718",NA,359354.4378,34,106651.394
"COL",294,5.68357976733868,519,6.25190388316589,"0.767",413.67,323802.8081,39,49661.048
"BGD",292,5.67675380226828,265,5.57972982598622,"0.632",NA,301051.1018,26,161376.708
"PAK",290,5.66988092298052,379,5.93753620508243,"0.557",NA,256996.3478,31,212228.286
"CHE",289,5.66642668811243,2236,7.71244383427499,"0.955",543.83,731425.4712,85,8525.611
"THA",287,5.65948221575962,363,5.89440283426485,"0.777",440.25,542016.9892,36,69428.453
"ECU",283,5.64544689764324,349,5.85507192220243,"0.759",414.71,107435.665,39,17084.358
"MDG",267,5.58724865840025,165,5.10594547390058,"0.528",NA,14104.66468,25,26262.313
"TZA",266,5.5834963087817,462,6.13556489108174,"0.529",NA,62942.61444,38,56313.438
"GHA",261,5.56452040732269,254,5.53733426701854,"0.611",NA,66999.25805,43,29767.102
"NER",259,5.55682806169954,242,5.48893772615669,"0.394",NA,12927.65499,32,22442.822
"GIN",229,5.43372200355424,97,4.57471097850338,"0.477",NA,12354.40127,28,12414.293
"UGA",220,5.39362754635236,210,5.34710753071747,"0.544",NA,32609.11959,27,42729.036
"RUS",200,5.29831736654804,542,6.29526600143965,"0.824",551.63,1692930.151,30,145734.038
"CZE",197,5.28320372873799,968,6.87523208727658,"0.9",516.2,250680.5045,54,10665.677
"AUT",196,5.27811465923052,1038,6.94505106372583,"0.922",519.54,445075.3917,76,8891.388
"CMR",190,5.24702407216049,180,5.19295685089021,"0.563",NA,38861.36203,25,25216.267
"ROU",184,5.21493575760899,297,5.6937321388027,"0.828",469.42,250075.9688,44,19506.114
"ISR",178,5.18178355029209,518,6.24997524225948,"0.919",514.24,395098.6021,60,8381.516
"BEL",177,5.17614973257383,1344,7.20340552108309,"0.931",529.11,533097.4558,76,11482.178
"NGA",177,5.17614973257383,203,5.31320597904179,"0.539",NA,474516.65,25,195874.683
"PAN",170,5.13579843705026,296,5.69035945432406,"0.815",368.96,66787.86684,35,4176.869
"COG",163,5.09375020080676,105,4.65396035015752,"0.574",NA,12397.37111,19,5244.359
"HUN",162,5.08759633523238,446,6.10031895202006,"0.854",522.5,163469.0429,44,9707.499
"ATA",160,5.07517381523383,27,3.29583686600433,NA,NA,NA,NA,NA
"DNK",159,5.06890420222023,1335,7.19668657083435,"0.94",534.18,350104.3277,88,5752.126
"KOR",149,5.00394630594546,543,6.29710931993394,"0.916",607.23,1646539.43,61,51171.706
"BOL",145,4.97673374242057,134,4.89783979995091,"0.718",NA,40895.32284,31,11353.142
"EGY",144,4.969813299576,142,4.95582705760126,"0.707",397.83,317359.2932,33,98423.598
"EST",137,4.91998092582813,363,5.89440283426485,"0.892",542.42,31471.10066,75,1322.92
"GEO",136,4.91265488573605,540,6.29156913955832,"0.812",459.68,17742.9347,56,4002.942
"HKG",132,4.88280192258637,343,5.83773044716594,"0.949",605.4,365710.755,77,7371.73
"ZWE",113,4.72738781871234,122,4.80402104473326,"0.571",NA,21440.75884,24,14438.802
"LKA",110,4.70048036579242,116,4.75359019110636,"0.782",NA,84008.77393,38,21228.763
"PRI",104,4.64439089914137,119,4.77912349311153,NA,396.29,104988.586,NA,3039.596
"SVK",104,4.64439089914137,226,5.42053499927229,"0.86",495.32,105079.673,49,5453.014
"BEN",103,4.63472898822964,129,4.85981240436167,"0.545",NA,14403.22012,41,11485.044
"MWI",103,4.63472898822964,84,4.43081679884331,"0.483",NA,8099.266794,30,18143.217
"KHM",101,4.61512051684126,91,4.51085950651685,"0.594",NA,27097.96382,21,16249.792
"SEN",100,4.60517018598809,65,4.17438726989564,"0.512",NA,23664.51507,45,15854.323
"SGP",100,4.60517018598809,358,5.8805329864007,"0.938",619.17,372073.8917,85,5757.499
"BFA",96,4.56434819146784,81,4.39444915467244,"0.452",NA,15990.80321,40,19751.466
"MOZ",91,4.51085950651685,56,4.02535169073515,"0.456",NA,15296.74515,25,29496.004
"SDN",91,4.51085950651685,48,3.87120101090789,"0.51",NA,34895.36208,16,41801.533
"HRV",85,4.44265125649032,170,5.13579843705026,"0.851",491.55,60415.17386,47,4156.405
"SVN",84,4.43081679884331,210,5.34710753071747,"0.917",518.04,54174.22731,60,2077.837
"URY",84,4.43081679884331,128,4.85203026391962,"0.817",445.45,56045.9527,71,3449.285
"MAR",82,4.40671924726425,95,4.55387689160054,"0.686",380.75,119700.6229,40,36029.093
"SRB",82,4.40671924726425,170,5.13579843705026,"0.806",512.22,51475.03691,38,8802.754
"TUN",82,4.40671924726425,111,4.70953020131233,"0.74",384.12,38797.40893,44,11565.201
"NCL",76,4.33073334028633,105,4.65396035015752,NA,NA,9879.709561,NA,279.993
"GUF",74,4.30406509320417,61,4.11087386417331,NA,NA,NA,NA,282.938
"PNG",74,4.30406509320417,38,3.63758615972639,"0.555",NA,24969.70315,27,8606.323
"FJI",71,4.26267987704132,79,4.36944785246702,"0.743",NA,5504.448601,NA,883.483
"MMR",71,4.26267987704132,58,4.06044301054642,"0.583",NA,76784.53394,28,53708.32
"BGR",70,4.24849524204936,126,4.83628190695148,"0.816",490.67,67925.56942,44,7051.608
"GRL",67,4.20469261939097,50,3.91202300542815,NA,NA,3023.601252,NA,56.564
"JEY",67,4.20469261939097,60,4.0943445622221,NA,NA,NA,NA,NA
"NAM",65,4.17438726989564,64,4.15888308335967,"0.646",NA,12366.27969,51,2448.301
"JOR",61,4.11087386417331,395,5.97888576490112,"0.729",387.01,44502.8169,49,9965.318
"DZA",60,4.0943445622221,61,4.11087386417331,"0.748",375.14,171157.8631,36,42228.408
"VEN",60,4.0943445622221,94,4.54329478227,"0.711",NA,134960.2885,15,28887.118
"ZMB",60,4.0943445622221,68,4.21950770517611,"0.584",NA,23085.06114,33,17351.708
"BWA",58,4.06044301054642,73,4.29045944114839,"0.735",398.47,18340.57337,60,2254.068
"PRY",58,4.06044301054642,19,2.94443897916644,"0.728",366.83,38086.70771,28,6956.066
"UKR",55,4.00733318523247,93,4.53259949315326,"0.779",NA,153781.1326,33,44246.156
"BLZ",54,3.98898404656427,33,3.49650756146648,"0.716",NA,1879.616778,NA,383.071
"LTU",54,3.98898404656427,133,4.89034912822175,"0.882",523.24,54627.41186,60,2801.264
"GAB",51,3.93182563272433,49,3.89182029811063,"0.703",NA,16887.88874,30,2119.275
"NIC",51,3.93182563272433,37,3.61091791264422,"0.66",365.66,12520.88529,22,6465.501
"SAU",49,3.89182029811063,172,5.14749447681345,"0.854",375.6,792966.9567,53,33702.756
"ISL",46,3.8286413964891,100,4.60517018598809,"0.949",511.8,24188.03572,75,336.713
"GTM",45,3.80666248977032,33,3.49650756146648,"0.663",389.02,76710.40253,25,17247.849
"AIA",44,3.78418963391826,12,2.484906649788,NA,NA,379.58436,NA,14.731
"RWA",44,3.78418963391826,35,3.55534806148941,"0.543",NA,10355.25071,54,12301.97
"BTN",43,3.76120011569356,43,3.76120011569356,"0.654",NA,2564.460096,68,754.388
"PYF",42,3.73766961828337,14,2.63905732961526,NA,NA,6023.367689,NA,277.679
"GMB",40,3.68887945411394,8,2.07944154167984,"0.496",NA,1822.863404,37,2280.094
"CYP",38,3.63758615972639,64,4.15888308335967,"0.887",518,24565.30085,57,1189.265
"ALB",37,3.61091791264422,23,3.13549421592915,"0.795",436.73,15278.07276,36,2882.74
"TGO",37,3.61091791264422,25,3.2188758248682,"0.515",NA,7270.01341,29,7889.093
"SLB",36,3.58351893845611,31,3.43398720448515,"0.567",NA,1302.683941,42,652.857
"HND",35,3.55534806148941,22,3.09104245335832,"0.634",NA,25095.35563,24,9587.522
"BHS",34,3.52636052461616,24,3.17805383034795,"0.814",NA,13578.8,63,385.637
"IRQ",34,3.52636052461616,19,2.94443897916644,"0.674",NA,225232.3736,21,38433.6
"AFG",32,3.46573590279973,20,2.99573227355399,"0.511",NA,17876.54643,19,37171.921
"LVA",31,3.43398720448515,63,4.14313472639153,"0.866",508.22,34102.91358,57,1928.459
"SYC",31,3.43398720448515,23,3.13549421592915,"0.796",NA,1698.865195,66,97.096
"AGO",29,3.36729582998647,18,2.89037175789616,"0.581",NA,85000.61246,27,30809.787
"LBN",28,3.3322045101752,50,3.91202300542815,"0.744",454.42,53367.04227,25,6859.408
"JAM",27,3.29583686600433,33,3.49650756146648,"0.734",NA,15830.76637,44,2934.847
"SUR",27,3.29583686600433,13,2.56494935746154,"0.738",NA,3697.313623,38,575.99
"SWZ",27,3.29583686600433,30,3.40119738166216,"0.611",NA,4594.332076,33,1136.281
"MUS",26,3.25809653802148,36,3.58351893845611,"0.804",NA,14180.4379,53,1267.185
"SLE",26,3.25809653802148,18,2.89037175789616,"0.452",NA,4121.733685,33,7650.15
"KAZ",25,3.2188758248682,27,3.29583686600433,"0.825",536.11,181667.185,38,18319.618
"WSM",25,3.2188758248682,19,2.94443897916644,"0.715",NA,844.656299,NA,196.129
"CPV",24,3.17805383034795,13,2.56494935746154,"0.665",NA,1981.846171,58,543.767
"GUY",24,3.17805383034795,25,3.2188758248682,"0.682",NA,5173.760192,41,779.006
"TON",23,3.13549421592915,33,3.49650756146648,"0.725",NA,508.414689,NA,103.197
"TCD",22,3.09104245335832,377,5.93224518744801,"0.398",NA,11271.66391,21,15477.729
"ARM",20,2.99573227355399,15,2.70805020110221,"0.776",NA,13672.80134,49,2951.745
"GUM",20,2.99573227355399,37,3.61091791264422,NA,NA,NA,NA,165.768
"ARE",19,2.94443897916644,7,1.94591014905531,"0.89",460.49,421142.2679,71,9630.959
"DMA",19,2.94443897916644,16,2.77258872223978,"0.742",NA,582.4,55,71.625
"GIB",19,2.94443897916644,4,1.38629436111989,NA,NA,NA,NA,33.718
"MNE",19,2.94443897916644,39,3.66356164612965,"0.829",441.38,5542.201626,45,627.809
"GNQ",18,2.89037175789616,7,1.94591014905531,"0.592",NA,11024.71831,16,1308.975
"KWT",18,2.89037175789616,26,3.25809653802148,"0.806",372.3,134623.5928,42,4137.312
"LBR",18,2.89037175789616,10,2.30258509299405,"0.48",NA,2582.242493,28,4818.973
"BRB",17,2.83321334405622,21,3.04452243772342,"0.814",NA,5209.204817,64,286.641
"MLT",17,2.83321334405622,35,3.55534806148941,"0.895",498,14863.59891,53,439.248
"YEM",17,2.83321334405622,17,2.83321334405622,"0.47",NA,24935.39164,15,28498.683
"BIH",16,2.77258872223978,7,1.94591014905531,"0.78",NA,20164.35007,35,3323.925
"BMU",16,2.77258872223978,9,2.19722457733622,NA,NA,7361.2,NA,62.756
"CAF",16,2.77258872223978,6,1.79175946922805,"0.397",NA,2220.306447,26,4666.368
"KGZ",16,2.77258872223978,19,2.94443897916644,"0.697",NA,8454.619608,31,6304.03
"MDV",16,2.77258872223978,7,1.94591014905531,"0.74",NA,5642.163793,43,515.696
"QAT",16,2.77258872223978,33,3.49650756146648,"0.848",438.9,183466.2088,63,2781.682
"MRT",15,2.70805020110221,13,2.56494935746154,"0.546",NA,7593.745551,29,4403.313
"SLV",15,2.70805020110221,11,2.39789527279837,"0.673",NA,27022.64,36,6420.746
"LUX",14,2.63905732961526,72,4.27666611901606,"0.916",508.88,71104.91911,80,604.245
"VUT",14,2.63905732961526,10,2.30258509299405,"0.609",NA,906.666071,43,292.68
"GLP",13,2.56494935746154,27,3.29583686600433,NA,NA,NA,NA,399.848
"PLW",13,2.56494935746154,18,2.89037175789616,"0.826",NA,280.429406,NA,17.907
"TJK",13,2.56494935746154,4,1.38629436111989,"0.668",NA,8333.110653,25,9100.835
"ASM",12,2.484906649788,2,0.693147180559945,NA,NA,NA,NA,55.465
"BDI",12,2.484906649788,9,2.19722457733622,"0.433",NA,3002.350447,19,11175.374
"BLR",12,2.484906649788,14,2.63905732961526,"0.823",NA,63080.96058,47,9452.617
"MYT",12,2.484906649788,11,2.39789527279837,NA,NA,NA,NA,259.531
"AZE",11,2.39789527279837,8,2.07944154167984,"0.756",NA,48047.64706,30,9949.537
"COM",10,2.30258509299405,7,1.94591014905531,"0.554",NA,1165.840745,21,832.322
"SOM",10,2.30258509299405,2,0.693147180559945,NA,NA,1626.302864,12,15008.226
"DOM",9,2.19722457733622,2,0.693147180559945,"0.756",337.71,88941.37198,28,10627.141
"HTI",9,2.19722457733622,5,1.6094379124341,"0.51",NA,8051.188114,18,11123.178
"LAO",9,2.19722457733622,2,0.693147180559945,"0.613",NA,18822.59475,29,7061.507
"LSO",9,2.19722457733622,5,1.6094379124341,"0.527",NA,2460.074277,41,2108.328
"MTQ",9,2.19722457733622,17,2.83321334405622,NA,NA,NA,NA,375.673
"PCN",9,2.19722457733622,4,1.38629436111989,NA,NA,NA,NA,NA
"COK",8,2.07944154167984,3,1.09861228866811,NA,NA,379.097592,NA,17.518
"PRK",8,2.07944154167984,1,0,NA,NA,16331.45231,18,25549.604
"STP",8,2.07944154167984,3,1.09861228866811,"0.625",NA,421.777679,47,211.028
"UZB",8,2.07944154167984,8,2.07944154167984,"0.72",NA,57921.28567,26,32476.244
"AND",7,1.94591014905531,18,2.89037175789616,"0.868",NA,3154.137481,NA,77.006
"CXR",7,1.94591014905531,4,1.38629436111989,NA,NA,NA,NA,NA
"ERI",7,1.94591014905531,5,1.6094379124341,"0.459",NA,1981.857048,21,3452.786
"BHR",6,1.79175946922805,5,1.6094379124341,"0.852",452.36,38574.06915,42,1569.446
"BRN",6,1.79175946922805,33,3.49650756146648,"0.838",NA,13469.24015,60,428.963
"IMN",6,1.79175946922805,3,1.09861228866811,NA,NA,NA,NA,84.077
"KIR",6,1.79175946922805,4,1.38629436111989,"0.63",NA,194.866652,NA,115.847
"TTO",6,1.79175946922805,4,1.38629436111989,"0.796",438.75,23208.52823,40,1389.843
"ANT",5,1.6094379124341,4,1.38629436111989,NA,NA,NA,NA,277.483
"FRO",5,1.6094379124341,5,1.6094379124341,NA,NA,NA,NA,48.497
"MAC",5,1.6094379124341,40,3.68887945411394,NA,561.9,53859.31452,NA,631.636
"ABW",4,1.38629436111989,2,0.693147180559945,NA,NA,3293.04581,NA,105.845
"CCK",4,1.38629436111989,NA,NA,NA,NA,NA,NA,NA
"DJI",4,1.38629436111989,1,0,"0.524",NA,3166.329057,27,958.923
"GRD",4,1.38629436111989,8,2.07944154167984,"0.779",NA,1211.618519,53,111.454
"MHL",4,1.38629436111989,NA,NA,"0.704",NA,237.408066,NA,58.413
"NIU",4,1.38629436111989,NA,NA,NA,NA,NA,NA,1.62
"ESH",3,1.09861228866811,NA,NA,NA,NA,NA,NA,567.402
"LCA",3,1.09861228866811,1,0,"0.759",NA,2122.451852,56,181.889
"MSR",3,1.09861228866811,68,4.21950770517611,NA,NA,67.288889,NA,4.993
"TCA",3,1.09861228866811,NA,NA,NA,NA,1197.42,NA,37.665
"BVT",2,0.693147180559945,NA,NA,NA,NA,NA,NA,NA
"CYM",2,0.693147180559945,5,1.6094379124341,NA,NA,6020.184081,NA,64.174
"MNP",2,0.693147180559945,2,0.693147180559945,NA,NA,NA,NA,56.882
"TKM",2,0.693147180559945,NA,NA,"0.715",NA,48276.46671,19,5850.901
"IOT",1,0,2,0.693147180559945,NA,NA,NA,NA,NA
"MCO",1,0,42,3.73766961828337,NA,NA,7423.907159,NA,38.682
"NRU",1,0,1,0,NA,NA,132.846561,NA,10.67
"SJM",1,0,NA,NA,NA,NA,NA,NA,NA
"TUV",1,0,1,0,NA,NA,47.003262,NA,11.508
"VCT",1,0,NA,NA,"0.738",NA,825.385185,59,110.211
"WLF",1,0,NA,NA,NA,NA,NA,NA,11.661
"LIE",NA,NA,15,2.70805020110221,"0.919",NA,6797.776288,NA,37.91
"SMR",NA,NA,5,1.6094379124341,NA,NA,1602.030114,NA,33.785
"SGS",NA,NA,2,0.693147180559945,NA,NA,NA,NA,NA
"ATG",NA,NA,NA,NA,"0.778",NA,1661.962963,NA,96.286
"CIV",NA,NA,NA,NA,"0.538",NA,58539.60623,36,25069.23
"COD",NA,NA,NA,NA,"0.48",NA,47319.6236,18,84068.091
"FSM",NA,NA,NA,NA,"0.62",NA,414.334298,NA,112.64
"GNB",NA,NA,NA,NA,"0.48",NA,1322.269762,19,1874.303
"KNA",NA,NA,NA,NA,"0.779",NA,1050.992593,NA,52.441
"LBY",NA,NA,NA,NA,"0.724",NA,32600.10248,17,6678.559
"MDA",NA,NA,NA,NA,"0.75",443.29,11955.45662,34,4051.944
"MKD",NA,NA,NA,NA,"0.774",389,12694.82339,35,2082.957
"PSE",NA,NA,NA,NA,"0.708",NA,17058.7,NA,4862.979
"SSD",NA,NA,NA,NA,"0.433",NA,4959.75692,12,10975.927
"SYR",NA,NA,NA,NA,"0.567",NA,20379.23255,14,16945.057
"TLS",NA,NA,NA,NA,"0.606",NA,2017.924924,40,1267.974
"TWN",NA,NA,NA,NA,NA,597.75,NA,65,23726.46
"VGB",NA,NA,NA,NA,NA,NA,1296.954245,NA,29.802
"CUW",NA,NA,NA,NA,NA,NA,3101.787709,NA,162.752
"SXM",NA,NA,NA,NA,NA,NA,1009,NA,41.94
"KSV",NA,NA,NA,NA,NA,NA,NA,36,NA
"FLK",NA,NA,NA,NA,NA,NA,NA,NA,3.234
"VAT",NA,NA,NA,NA,NA,NA,NA,NA,0.801
"REU",NA,NA,NA,NA,NA,NA,NA,NA,882.526
"SHN",NA,NA,NA,NA,NA,NA,NA,NA,6.035
"SPM",NA,NA,NA,NA,NA,NA,NA,NA,5.849
"TKL",NA,NA,NA,NA,NA,NA,NA,NA,1.319
"VIR",NA,NA,NA,NA,NA,NA,NA,NA,104.68
"CHI",NA,NA,NA,NA,NA,NA,NA,NA,170.499
"BES",NA,NA,NA,NA,NA,NA,NA,NA,25.711
"MAF",NA,NA,NA,NA,NA,NA,NA,NA,37.264
"BLM",NA,NA,NA,NA,NA,NA,NA,NA,9.816
